{"stats":{"minecraft:dropped":{"minecraft:debug_stick":3,"minecraft:wooden_axe":3,"minecraft:birch_sign":3},"minecraft:custom":{"minecraft:interact_with_loom":4,"minecraft:leave_game":20,"minecraft:time_since_death":671215,"minecraft:time_since_rest":671215,"minecraft:sprint_one_cm":119379,"minecraft:walk_one_cm":696476,"minecraft:drop":9,"minecraft:fly_one_cm":851258,"minecraft:crouch_one_cm":10341,"minecraft:play_time":671215,"minecraft:sneak_time":14491,"minecraft:jump":1029,"minecraft:walk_on_water_one_cm":1181,"minecraft:total_world_time":199660},"minecraft:used":{"minecraft:calcite":2,"minecraft:diorite_stairs":3,"minecraft:oak_fence":98,"minecraft:moss_block":7,"minecraft:wheat_seeds":3,"minecraft:waxed_oxidized_cut_copper_slab":2,"minecraft:water_bucket":8,"minecraft:moss_carpet":7,"minecraft:jack_o_lantern":2,"minecraft:jungle_leaves":39,"minecraft:diorite":10,"minecraft:rose_bush":2,"minecraft:cobblestone_stairs":38,"minecraft:dead_tube_coral_block":25,"minecraft:dead_bush":7,"minecraft:melon":4,"minecraft:carved_pumpkin":5,"minecraft:smooth_quartz_slab":2,"minecraft:birch_leaves":378,"minecraft:spruce_slab":2,"minecraft:bone_block":332,"minecraft:birch_wood":14,"minecraft:andesite_slab":17,"minecraft:green_banner":4,"minecraft:stone":68,"minecraft:red_mushroom_block":132,"minecraft:structure_void":3,"minecraft:grass":2,"minecraft:cobblestone_slab":15,"minecraft:farmland":10,"minecraft:oak_leaves":251,"minecraft:smooth_quartz_stairs":2,"minecraft:debug_stick":167,"minecraft:spruce_leaves":800,"minecraft:mossy_cobblestone":21,"minecraft:dirt":10,"minecraft:loom":1,"minecraft:spruce_stairs":7,"minecraft:birch_sign":47,"minecraft:cobblestone_wall":20,"minecraft:acacia_leaves":8,"minecraft:oak_wood":181,"minecraft:light_gray_concrete_powder":18,"minecraft:tuff":32,"minecraft:spruce_fence":424,"minecraft:pumpkin_seeds":3,"minecraft:mushroom_stem":39,"minecraft:fern":22,"minecraft:orange_candle":5,"minecraft:birch_fence":62,"minecraft:andesite_wall":7,"minecraft:oak_log":1,"minecraft:mossy_cobblestone_stairs":9,"minecraft:flowering_azalea":6,"minecraft:coal_ore":2,"minecraft:birch_slab":35,"minecraft:spruce_wood":64,"minecraft:grass_block":64,"minecraft:brown_wool":1,"minecraft:string":4,"minecraft:warped_slab":1,"minecraft:cyan_carpet":4,"minecraft:netherite_hoe":71,"minecraft:stone_slab":9,"minecraft:dark_oak_leaves":239,"minecraft:mossy_cobblestone_slab":8,"minecraft:smooth_quartz":2,"minecraft:diorite_wall":20,"minecraft:flowering_azalea_leaves":8,"minecraft:bamboo":6,"minecraft:bedrock":1,"minecraft:green_candle":4,"minecraft:crimson_fungus":2,"minecraft:cobblestone":62,"minecraft:brown_carpet":4,"minecraft:azalea_leaves":12,"minecraft:sweet_berries":6,"minecraft:dark_oak_fence":2,"minecraft:podzol":45,"minecraft:beetroot_seeds":1,"minecraft:andesite_stairs":32,"minecraft:andesite":30,"minecraft:infested_cobblestone":1,"minecraft:acacia_wood":12,"minecraft:mossy_cobblestone_wall":2,"minecraft:sea_pickle":18,"minecraft:potato":1,"minecraft:coarse_dirt":24,"minecraft:pumpkin":2,"minecraft:brown_mushroom_block":101,"minecraft:bone_meal":32,"minecraft:large_fern":3,"minecraft:stripped_spruce_wood":118,"minecraft:birch_stairs":1,"minecraft:azalea":4,"minecraft:lime_candle":2},"minecraft:picked_up":{"minecraft:wooden_axe":3,"minecraft:debug_stick":3,"minecraft:birch_sign":3}},"DataVersion":2730}