{"stats":{"minecraft:dropped":{"minecraft:smithing_table":1,"minecraft:polished_blackstone_button":1,"minecraft:item_frame":1,"minecraft:iron_trapdoor":1,"minecraft:wooden_axe":5,"minecraft:smooth_quartz":1,"minecraft:chipped_anvil":1,"minecraft:debug_stick":4,"minecraft:oak_sign":2,"minecraft:polished_deepslate_stairs":1,"minecraft:stone":1,"minecraft:petrified_oak_slab":1,"minecraft:andesite":1,"minecraft:spruce_log":1},"minecraft:custom":{"minecraft:interact_with_anvil":2,"minecraft:leave_game":14,"minecraft:time_since_death":1376417,"minecraft:sprint_one_cm":216831,"minecraft:walk_one_cm":970803,"minecraft:drop":22,"minecraft:play_time":1376417,"minecraft:sneak_time":71111,"minecraft:walk_under_water_one_cm":58321,"minecraft:jump":1979,"minecraft:walk_on_water_one_cm":6883,"minecraft:total_world_time":1460828,"minecraft:tune_noteblock":85,"minecraft:pot_flower":4,"minecraft:time_since_rest":1376417,"minecraft:swim_one_cm":29395,"minecraft:fly_one_cm":5810270,"minecraft:crouch_one_cm":64477,"minecraft:interact_with_smoker":7},"minecraft:used":{"minecraft:oak_fence":13,"minecraft:oak_trapdoor":59,"minecraft:moss_block":89,"minecraft:moss_carpet":10,"minecraft:petrified_oak_slab":167,"minecraft:nether_brick_fence":12,"minecraft:iron_bars":46,"minecraft:granite_stairs":14,"minecraft:crimson_fence":2,"minecraft:polished_deepslate":8,"minecraft:flint_and_steel":2,"minecraft:cracked_deepslate_bricks":37,"minecraft:dead_horn_coral_block":43,"minecraft:armor_stand":12,"minecraft:dead_tube_coral_fan":4,"minecraft:spruce_slab":761,"minecraft:polished_blackstone":44,"minecraft:bone_block":76,"minecraft:oak_sign":13,"minecraft:polished_basalt":14,"minecraft:white_concrete_powder":1,"minecraft:spruce_planks":233,"minecraft:white_terracotta":23,"minecraft:stone":462,"minecraft:grass":32,"minecraft:polished_blackstone_wall":5,"minecraft:smooth_sandstone_stairs":23,"minecraft:netherrack":4,"minecraft:spruce_leaves":89,"minecraft:debug_stick":451,"minecraft:soul_campfire":10,"minecraft:torch":3,"minecraft:end_stone_brick_wall":6,"minecraft:soul_sand":2,"minecraft:dirt":50,"minecraft:anvil":16,"minecraft:lily_of_the_valley":3,"minecraft:brick_slab":11,"minecraft:raw_iron_block":21,"minecraft:spruce_stairs":714,"minecraft:cracked_deepslate_tiles":108,"minecraft:cobblestone_wall":31,"minecraft:allium":2,"minecraft:stone_stairs":8,"minecraft:orange_wool":701,"minecraft:deepslate_tile_slab":45,"minecraft:deepslate_brick_slab":9,"minecraft:oak_wood":20,"minecraft:furnace_minecart":2,"minecraft:polished_granite_slab":1,"minecraft:tuff":1058,"minecraft:glow_lichen":21,"minecraft:granite":34,"minecraft:spruce_fence":171,"minecraft:dead_brain_coral_block":12,"minecraft:azure_bluet":4,"minecraft:stripped_spruce_log":398,"minecraft:polished_diorite":20,"minecraft:fern":5,"minecraft:polished_deepslate_stairs":112,"minecraft:andesite_wall":7,"minecraft:copper_ore":2,"minecraft:polished_blackstone_slab":4,"minecraft:purple_stained_glass_pane":2,"minecraft:rooted_dirt":27,"minecraft:dark_oak_planks":2,"minecraft:netherite_shovel":97,"minecraft:stripped_dark_oak_wood":1,"minecraft:chipped_anvil":1,"minecraft:flowering_azalea":1,"minecraft:sea_lantern":13,"minecraft:cyan_terracotta":281,"minecraft:lava_bucket":6,"minecraft:bricks":320,"minecraft:coal_ore":18,"minecraft:bookshelf":5,"minecraft:yellow_stained_glass":28,"minecraft:grass_block":627,"minecraft:lantern":1,"minecraft:red_wool":5,"minecraft:spruce_wood":71,"minecraft:deepslate_copper_ore":1,"minecraft:oak_stairs":22,"minecraft:smooth_sandstone":51,"minecraft:brick_stairs":93,"minecraft:spruce_button":2,"minecraft:green_wool":40,"minecraft:polished_deepslate_wall":5,"minecraft:polished_andesite_stairs":26,"minecraft:crimson_slab":15,"minecraft:polished_blackstone_brick_wall":6,"minecraft:netherite_hoe":1,"minecraft:polished_blackstone_brick_stairs":15,"minecraft:dark_oak_slab":39,"minecraft:gray_concrete_powder":250,"minecraft:smooth_quartz":1,"minecraft:stone_brick_stairs":79,"minecraft:stone_bricks":91,"minecraft:item_frame":12,"minecraft:smooth_basalt":175,"minecraft:light_gray_wool":3,"minecraft:basalt":14,"minecraft:birch_trapdoor":8,"minecraft:red_nether_brick_wall":1,"minecraft:magma_block":1,"minecraft:tall_grass":5,"minecraft:magenta_wool":2212,"minecraft:hay_block":268,"minecraft:sweet_berries":2,"minecraft:iron_trapdoor":57,"minecraft:soul_soil":4,"minecraft:lime_stained_glass":15,"minecraft:deepslate_tile_stairs":425,"minecraft:white_stained_glass_pane":2,"minecraft:podzol":54,"minecraft:minecart":1,"minecraft:granite_wall":30,"minecraft:dead_bubble_coral_block":5,"minecraft:cobbled_deepslate":65,"minecraft:polished_blackstone_stairs":41,"minecraft:orange_stained_glass_pane":20,"minecraft:dead_brain_coral_fan":2,"minecraft:dead_bubble_coral_fan":2,"minecraft:large_fern":73,"minecraft:stripped_spruce_wood":161,"minecraft:brown_bed":1,"minecraft:cobbled_deepslate_wall":29,"minecraft:deepslate_brick_wall":39,"minecraft:calcite":103,"minecraft:quartz_bricks":8,"minecraft:water_bucket":1,"minecraft:diorite":318,"minecraft:end_stone_bricks":24,"minecraft:iron_ore":24,"minecraft:cobblestone_stairs":62,"minecraft:dirt_path":17,"minecraft:spruce_door":7,"minecraft:brick_wall":50,"minecraft:dropper":6,"minecraft:birch_planks":5,"minecraft:stripped_birch_log":6,"minecraft:birch_leaves":36,"minecraft:polished_andesite":63,"minecraft:blackstone_stairs":61,"minecraft:jungle_fence":12,"minecraft:smooth_sandstone_slab":65,"minecraft:blue_wool":493,"minecraft:andesite_slab":22,"minecraft:blackstone":106,"minecraft:cut_sandstone":7,"minecraft:spruce_sign":48,"minecraft:spruce_fence_gate":16,"minecraft:green_bed":5,"minecraft:cobblestone_slab":34,"minecraft:deepslate_bricks":803,"minecraft:cracked_stone_bricks":10,"minecraft:polished_blackstone_bricks":23,"minecraft:gilded_blackstone":4,"minecraft:glow_item_frame":7,"minecraft:glow_berries":5,"minecraft:polished_deepslate_slab":14,"minecraft:dark_oak_trapdoor":6,"minecraft:vine":7,"minecraft:rail":5,"minecraft:sand":7,"minecraft:terracotta":11,"minecraft:stripped_dark_oak_log":134,"minecraft:lime_stained_glass_pane":17,"minecraft:oak_slab":15,"minecraft:crimson_trapdoor":51,"minecraft:red_bed":1,"minecraft:dead_fire_coral_block":21,"minecraft:light_blue_wool":29,"minecraft:light_gray_terracotta":24,"minecraft:yellow_stained_glass_pane":61,"minecraft:light_gray_concrete_powder":319,"minecraft:dripstone_block":74,"minecraft:campfire":8,"minecraft:chiseled_quartz_block":1,"minecraft:blackstone_wall":17,"minecraft:note_block":6,"minecraft:stone_brick_wall":59,"minecraft:black_concrete_powder":4,"minecraft:cobbled_deepslate_stairs":14,"minecraft:spruce_log":234,"minecraft:smoker":7,"minecraft:red_sandstone_wall":17,"minecraft:deepslate_brick_stairs":55,"minecraft:cyan_stained_glass":15,"minecraft:deepslate_tile_wall":38,"minecraft:birch_fence":51,"minecraft:deepslate_tiles":181,"minecraft:redstone_torch":5,"minecraft:oak_log":54,"minecraft:dead_fire_coral_fan":4,"minecraft:piston":3,"minecraft:flower_pot":6,"minecraft:birch_slab":45,"minecraft:light_gray_concrete":190,"minecraft:cracked_polished_blackstone_bricks":29,"minecraft:deepslate_iron_ore":8,"minecraft:string":13,"minecraft:stone_slab":4,"minecraft:cracked_nether_bricks":5,"minecraft:polished_granite":12,"minecraft:spruce_trapdoor":384,"minecraft:deepslate":224,"minecraft:gravel":348,"minecraft:flowering_azalea_leaves":120,"minecraft:polished_andesite_slab":25,"minecraft:granite_slab":2,"minecraft:chiseled_stone_bricks":13,"minecraft:coal_block":4,"minecraft:cobblestone":628,"minecraft:dead_horn_coral_fan":2,"minecraft:stripped_crimson_hyphae":46,"minecraft:cyan_stained_glass_pane":25,"minecraft:crimson_stairs":132,"minecraft:stripped_oak_wood":81,"minecraft:dark_oak_fence":22,"minecraft:smithing_table":1,"minecraft:andesite":1527,"minecraft:andesite_stairs":15,"minecraft:deepslate_coal_ore":6,"minecraft:chain":8,"minecraft:polished_blackstone_button":30,"minecraft:chest_minecart":2,"minecraft:sea_pickle":3,"minecraft:stripped_oak_log":97,"minecraft:coarse_dirt":651,"minecraft:smooth_stone":23,"minecraft:bone_meal":5,"minecraft:candle":7,"minecraft:diorite_slab":3,"minecraft:birch_stairs":19},"minecraft:picked_up":{"minecraft:wooden_axe":5,"minecraft:azure_bluet":1,"minecraft:iron_trapdoor":1,"minecraft:smithing_table":1,"minecraft:moss_carpet":3,"minecraft:item_frame":2,"minecraft:oak_sign":2,"minecraft:smooth_quartz":1,"minecraft:egg":1,"minecraft:stick":2,"minecraft:glow_item_frame":2,"minecraft:polished_deepslate_stairs":1,"minecraft:torch":1,"minecraft:petrified_oak_slab":1,"minecraft:andesite":1,"minecraft:chipped_anvil":1,"minecraft:kelp":3,"minecraft:debug_stick":4,"minecraft:sweet_berries":1,"minecraft:spruce_log":1,"minecraft:polished_blackstone_button":1,"minecraft:spruce_sign":1}},"DataVersion":2730}