{"stats":{"minecraft:custom":{"minecraft:interact_with_anvil":2,"minecraft:time_since_death":1794220,"minecraft:leave_game":26,"minecraft:sprint_one_cm":231888,"minecraft:walk_one_cm":1019820,"minecraft:drop":28,"minecraft:play_time":1794220,"minecraft:sneak_time":90540,"minecraft:walk_under_water_one_cm":102505,"minecraft:jump":2125,"minecraft:walk_on_water_one_cm":8595,"minecraft:total_world_time":1974409,"minecraft:tune_noteblock":99,"minecraft:pot_flower":4,"minecraft:time_since_rest":1794220,"minecraft:swim_one_cm":33113,"minecraft:fly_one_cm":7696564,"minecraft:crouch_one_cm":87533,"minecraft:interact_with_smoker":7},"minecraft:dropped":{"minecraft:smithing_table":1,"minecraft:polished_blackstone_button":1,"minecraft:item_frame":1,"minecraft:iron_trapdoor":1,"minecraft:wooden_axe":7,"minecraft:smooth_quartz":1,"minecraft:chipped_anvil":1,"minecraft:debug_stick":6,"minecraft:oak_sign":2,"minecraft:polished_deepslate_stairs":1,"minecraft:deepslate_tiles":1,"minecraft:stone":1,"minecraft:orange_terracotta":1,"minecraft:petrified_oak_slab":1,"minecraft:andesite":1,"minecraft:spruce_log":1},"minecraft:used":{"minecraft:diorite_stairs":134,"minecraft:oak_fence":13,"minecraft:oak_trapdoor":59,"minecraft:moss_block":89,"minecraft:moss_carpet":10,"minecraft:petrified_oak_slab":167,"minecraft:nether_brick_fence":12,"minecraft:iron_bars":53,"minecraft:red_sand":1,"minecraft:polished_deepslate":31,"minecraft:light_gray_stained_glass_pane":7,"minecraft:granite_stairs":14,"minecraft:crimson_fence":2,"minecraft:orange_concrete":2,"minecraft:flint_and_steel":2,"minecraft:melon":12,"minecraft:cracked_deepslate_bricks":37,"minecraft:dead_horn_coral_block":43,"minecraft:armor_stand":12,"minecraft:dead_tube_coral_fan":4,"minecraft:spruce_slab":868,"minecraft:polished_blackstone":44,"minecraft:diamond_hoe":75,"minecraft:bone_block":77,"minecraft:oak_sign":13,"minecraft:light_blue_terracotta":2,"minecraft:polished_basalt":14,"minecraft:white_concrete_powder":8,"minecraft:spruce_planks":325,"minecraft:tinted_glass":9,"minecraft:white_terracotta":155,"minecraft:stone":518,"minecraft:grass":43,"minecraft:polished_blackstone_wall":5,"minecraft:smooth_sandstone_stairs":72,"minecraft:green_terracotta":1,"minecraft:netherrack":4,"minecraft:soul_campfire":10,"minecraft:spruce_leaves":89,"minecraft:debug_stick":792,"minecraft:green_glazed_terracotta":28,"minecraft:torch":3,"minecraft:end_stone_brick_wall":28,"minecraft:soul_sand":2,"minecraft:dirt":50,"minecraft:anvil":16,"minecraft:ancient_debris":17,"minecraft:lily_of_the_valley":3,"minecraft:raw_iron_block":25,"minecraft:brick_slab":11,"minecraft:cracked_deepslate_tiles":108,"minecraft:spruce_stairs":791,"minecraft:stone_stairs":71,"minecraft:cobblestone_wall":72,"minecraft:jungle_slab":4,"minecraft:allium":2,"minecraft:orange_wool":701,"minecraft:deepslate_tile_slab":45,"minecraft:deepslate_brick_slab":9,"minecraft:pink_terracotta":1,"minecraft:oak_wood":20,"minecraft:furnace_minecart":2,"minecraft:polished_granite_slab":1,"minecraft:jungle_trapdoor":6,"minecraft:tuff":1219,"minecraft:glow_lichen":21,"minecraft:spruce_fence":232,"minecraft:granite":54,"minecraft:dead_brain_coral_block":12,"minecraft:azure_bluet":4,"minecraft:brown_terracotta":17,"minecraft:stripped_spruce_log":412,"minecraft:polished_diorite":31,"minecraft:fern":14,"minecraft:polished_deepslate_stairs":140,"minecraft:copper_ore":2,"minecraft:andesite_wall":38,"minecraft:rooted_dirt":132,"minecraft:polished_blackstone_slab":4,"minecraft:purple_stained_glass_pane":2,"minecraft:dark_oak_planks":101,"minecraft:smooth_sandstone":158,"minecraft:netherite_shovel":97,"minecraft:stripped_dark_oak_wood":1,"minecraft:chipped_anvil":1,"minecraft:flowering_azalea":1,"minecraft:sea_lantern":13,"minecraft:cyan_terracotta":281,"minecraft:lava_bucket":6,"minecraft:bricks":347,"minecraft:coal_ore":18,"minecraft:bookshelf":5,"minecraft:yellow_stained_glass":36,"minecraft:grass_block":633,"minecraft:lantern":1,"minecraft:red_wool":5,"minecraft:spruce_wood":71,"minecraft:deepslate_copper_ore":1,"minecraft:oak_stairs":84,"minecraft:brick_stairs":98,"minecraft:spruce_button":2,"minecraft:green_wool":40,"minecraft:polished_deepslate_wall":5,"minecraft:acacia_slab":25,"minecraft:polished_andesite_stairs":29,"minecraft:crimson_slab":15,"minecraft:polished_blackstone_brick_wall":6,"minecraft:netherite_hoe":1,"minecraft:polished_blackstone_brick_stairs":15,"minecraft:dark_oak_slab":105,"minecraft:gray_concrete_powder":250,"minecraft:smooth_quartz":1,"minecraft:diorite_wall":8,"minecraft:stone_brick_stairs":112,"minecraft:stone_bricks":96,"minecraft:item_frame":12,"minecraft:smooth_basalt":175,"minecraft:light_gray_wool":3,"minecraft:basalt":14,"minecraft:birch_trapdoor":8,"minecraft:tall_grass":5,"minecraft:red_nether_brick_wall":1,"minecraft:raw_copper_block":2,"minecraft:lime_concrete":5,"minecraft:magma_block":1,"minecraft:magenta_terracotta":135,"minecraft:black_stained_glass":13,"minecraft:magenta_wool":2213,"minecraft:hay_block":268,"minecraft:iron_trapdoor":69,"minecraft:sweet_berries":2,"minecraft:soul_soil":4,"minecraft:lime_stained_glass":25,"minecraft:deepslate_tile_stairs":456,"minecraft:white_stained_glass_pane":2,"minecraft:podzol":54,"minecraft:minecart":1,"minecraft:acacia_wood":26,"minecraft:polished_diorite_stairs":5,"minecraft:gold_block":18,"minecraft:dead_bubble_coral_block":5,"minecraft:end_stone_brick_stairs":20,"minecraft:potato":65,"minecraft:granite_wall":30,"minecraft:orange_terracotta":100,"minecraft:cobbled_deepslate":462,"minecraft:acacia_planks":2,"minecraft:dark_prismarine_stairs":94,"minecraft:dead_bubble_coral_fan":2,"minecraft:orange_stained_glass_pane":24,"minecraft:dead_brain_coral_fan":2,"minecraft:large_fern":73,"minecraft:polished_blackstone_stairs":41,"minecraft:stripped_spruce_wood":161,"minecraft:brown_bed":1,"minecraft:cobbled_deepslate_wall":29,"minecraft:calcite":162,"minecraft:deepslate_brick_wall":39,"minecraft:quartz_bricks":8,"minecraft:dark_oak_stairs":17,"minecraft:water_bucket":9,"minecraft:diorite":433,"minecraft:spruce_door":9,"minecraft:end_stone_bricks":115,"minecraft:iron_ore":24,"minecraft:cobblestone_stairs":221,"minecraft:dirt_path":17,"minecraft:sandstone_stairs":1,"minecraft:brick_wall":50,"minecraft:dropper":6,"minecraft:stripped_acacia_log":31,"minecraft:birch_planks":5,"minecraft:stripped_birch_log":6,"minecraft:birch_leaves":36,"minecraft:acacia_trapdoor":8,"minecraft:polished_andesite":68,"minecraft:blackstone_stairs":61,"minecraft:jungle_fence":30,"minecraft:oak_planks":50,"minecraft:smooth_sandstone_slab":65,"minecraft:blue_wool":493,"minecraft:andesite_slab":22,"minecraft:blackstone":106,"minecraft:sandstone":5,"minecraft:cut_sandstone":34,"minecraft:end_stone_brick_slab":26,"minecraft:spruce_sign":48,"minecraft:clay":116,"minecraft:spruce_fence_gate":16,"minecraft:green_bed":5,"minecraft:cobblestone_slab":52,"minecraft:deepslate_bricks":806,"minecraft:cracked_stone_bricks":10,"minecraft:polished_blackstone_bricks":23,"minecraft:gilded_blackstone":4,"minecraft:glow_berries":5,"minecraft:waxed_exposed_copper":36,"minecraft:vine":7,"minecraft:glow_item_frame":7,"minecraft:polished_deepslate_slab":62,"minecraft:dark_oak_trapdoor":30,"minecraft:rail":5,"minecraft:sand":26,"minecraft:lime_terracotta":61,"minecraft:terracotta":52,"minecraft:stripped_dark_oak_log":243,"minecraft:lime_stained_glass_pane":37,"minecraft:oak_slab":15,"minecraft:cut_sandstone_slab":10,"minecraft:dark_prismarine_slab":10,"minecraft:crimson_trapdoor":51,"minecraft:red_bed":1,"minecraft:dead_fire_coral_block":21,"minecraft:dark_oak_fence_gate":10,"minecraft:yellow_concrete":58,"minecraft:light_blue_wool":29,"minecraft:light_gray_concrete_powder":350,"minecraft:smooth_red_sandstone":3,"minecraft:light_gray_terracotta":170,"minecraft:yellow_stained_glass_pane":64,"minecraft:note_block":32,"minecraft:purple_terracotta":5,"minecraft:campfire":8,"minecraft:chiseled_quartz_block":1,"minecraft:blackstone_wall":17,"minecraft:dripstone_block":102,"minecraft:stone_brick_wall":59,"minecraft:black_concrete_powder":4,"minecraft:cobbled_deepslate_stairs":66,"minecraft:spruce_log":234,"minecraft:smoker":7,"minecraft:red_sandstone_wall":17,"minecraft:deepslate_brick_stairs":152,"minecraft:cyan_stained_glass":15,"minecraft:deepslate_tile_wall":38,"minecraft:redstone_torch":5,"minecraft:birch_fence":89,"minecraft:deepslate_tiles":220,"minecraft:oak_log":112,"minecraft:dead_fire_coral_fan":4,"minecraft:piston":3,"minecraft:green_concrete":33,"minecraft:flower_pot":6,"minecraft:acacia_stairs":3,"minecraft:red_sandstone":1,"minecraft:diamond_shovel":55,"minecraft:acacia_sign":11,"minecraft:stripped_jungle_log":33,"minecraft:dark_oak_log":42,"minecraft:birch_slab":48,"minecraft:light_gray_concrete":291,"minecraft:cracked_polished_blackstone_bricks":29,"minecraft:deepslate_iron_ore":8,"minecraft:string":15,"minecraft:stone_slab":263,"minecraft:jungle_stairs":10,"minecraft:cracked_nether_bricks":5,"minecraft:polished_granite":18,"minecraft:spruce_trapdoor":467,"minecraft:deepslate":224,"minecraft:cut_red_sandstone":1,"minecraft:gravel":380,"minecraft:flowering_azalea_leaves":120,"minecraft:polished_andesite_slab":25,"minecraft:granite_slab":2,"minecraft:chiseled_stone_bricks":29,"minecraft:coal_block":4,"minecraft:cobblestone":749,"minecraft:dead_horn_coral_fan":2,"minecraft:stripped_crimson_hyphae":46,"minecraft:cobbled_deepslate_slab":124,"minecraft:cyan_stained_glass_pane":25,"minecraft:crimson_stairs":132,"minecraft:stripped_oak_wood":128,"minecraft:smithing_table":1,"minecraft:dark_oak_fence":22,"minecraft:andesite":1590,"minecraft:jungle_door":1,"minecraft:andesite_stairs":81,"minecraft:deepslate_coal_ore":6,"minecraft:chain":8,"minecraft:polished_blackstone_button":30,"minecraft:chest_minecart":2,"minecraft:sea_pickle":3,"minecraft:stripped_oak_log":137,"minecraft:coarse_dirt":686,"minecraft:candle":7,"minecraft:bone_meal":5,"minecraft:brown_mushroom_block":13,"minecraft:smooth_stone":188,"minecraft:diorite_slab":3,"minecraft:birch_stairs":23},"minecraft:picked_up":{"minecraft:wooden_axe":7,"minecraft:azure_bluet":1,"minecraft:iron_trapdoor":1,"minecraft:smithing_table":1,"minecraft:moss_carpet":3,"minecraft:item_frame":2,"minecraft:oak_sign":2,"minecraft:deepslate_tiles":1,"minecraft:acacia_sign":1,"minecraft:smooth_quartz":1,"minecraft:egg":1,"minecraft:stick":2,"minecraft:glow_item_frame":2,"minecraft:polished_deepslate_stairs":1,"minecraft:torch":1,"minecraft:petrified_oak_slab":1,"minecraft:andesite":1,"minecraft:potato":2,"minecraft:orange_terracotta":1,"minecraft:chipped_anvil":1,"minecraft:hanging_roots":1,"minecraft:kelp":3,"minecraft:debug_stick":6,"minecraft:sweet_berries":1,"minecraft:spruce_log":1,"minecraft:polished_blackstone_button":1,"minecraft:spruce_sign":1}},"DataVersion":2730}